data_evnt;id_empresa;tipo_eventos;PGTO;TOTAL DE PART. EVENTO;COBERTURA;COORDENADOR RESP;valor faturado do dia;20% Royalties Holding;2% desc p/ Contratante;Contratante;Categoria
02/01/2017;15; Fórum de Tecnologia;50% PAGO;1268; Daily Chronicle;Marcelo Mendes;R$ 69.470,00;R$ 13.894,00;R$ 1.389,40;Johnson Enterprises;402
02/01/2017;20; Fórum de Tecnologia;50% PAGO;299; News Wave;Natalia Silva;R$ 108.310,00;R$ 16.246,50; R$ -   ;Coleman Holdings;401
03/01/2017;2; Competição Esportiva;50% PAGO;1136; The Urban Tribune;Vilma Soares;R$ 113.362,50;R$ 17.004,38;R$ 2.267,25;Não Cadastrado;400
03/01/2017;19; Competição Esportiva;SIM;328; City Newsline;Geraldo Pereira;R$ 109.048,00;R$ 16.357,20; R$ -   ;Coleman Holdings;401
04/01/2017;12; Fórum de Tecnologia;NÃO;392; City Newsline;Geraldo Pereira;; R$ -   ; R$ -   ;Reed Corporation;401
04/01/2017;15;Festival Cultural;SIM;754; Community Digest;Natalia Silva;R$ 72.161,50;R$ 10.824,23;R$ 1.443,23;Ortiz Enterprises;401
05/01/2017;7; Evento Beneficente;NÃO;380;O Globo;Marcelo Mendes;; R$ -   ; R$ -   ;Lewis Enterprises;401
05/01/2017;19;Feira de Negócios;NÃO;1075; City Pulse;Marcelo Mendes;; R$ -   ; R$ -   ;Coleman Group;402
05/01/2017;12;Seminário de Desenvolvimento Pessoal;SIM;1223; The Information Digest;Natalia Silva;R$ 37.798,50;R$ 5.669,78;R$ 755,97;Coleman Holdings;400
05/01/2017;5; Convenção Empresarial;SIM;448; Express News;Geraldo Pereira;R$ 28.089,00;R$ 4.213,35; R$ -   ;Allen & Co;401
05/01/2017;3;Feira de Negócios;SIM;1089; Urban Update;Geraldo Pereira;R$ 106.264,00;R$ 15.939,60;R$ 2.125,28;Brown & Co;400
05/01/2017;2;Seminário de Desenvolvimento Pessoal;50% PAGO;394; The Informational Herald;Geraldo Pereira;R$ 63.942,00;R$ 9.591,30;R$ 1.278,84;Coleman Holdings;401
05/01/2017;3;Gala de Premiação;NÃO;396; Metro Tribune;Vilma Soares;; R$ -   ; R$ -   ;Smith Corporation;402
05/01/2017;15;Exposição de Arte;50% PAGO;1304; Local Times;Geraldo Pereira;R$ 58.586,00;R$ 8.787,90;R$ 1.171,72;Perry Group;403
05/01/2017;20; Feira Gastronômica;SIM;1110; City News Now;Natalia Silva;R$ 143.579,50;R$ 21.536,93; R$ -   ;Brown & Co;401
07/01/2017;8; Encontro de Networking;50% PAGO;614; Urban Update;Natalia Silva;R$ 92.250,00;R$ 13.837,50;R$ 1.845,00;Não Informado;401
07/01/2017;7;Conferência Internacional;50% PAGO;1297;Yahoo;Vilma Soares;R$ 107.373,00;R$ 16.105,95;R$ 2.147,46;Morgan Holdings;400
08/01/2017;19; Convenção Empresarial;NÃO;1208; Daily Chronicle;Marcelo Mendes;; R$ -   ; R$ -   ;Coleman Holdings;400
08/01/2017;16; Convenção Empresarial;NÃO;484; Community Chronicle;Geraldo Pereira;; R$ -   ; R$ -   ;Martinez Corporation;400
08/01/2017;8; Convenção Empresarial;NÃO;1314; News Beat;Marcelo Mendes;; R$ -   ; R$ -   ;Turner Corporation;402
08/01/2017;9; Lançamento de Produto;50% PAGO;688; Global News Network;Marcelo Mendes;R$ 49.530,50;R$ 7.429,58; R$ -   ;Coleman Holdings;403
08/01/2017;7; Lançamento de Produto;50% PAGO;1196; City Sun;Geraldo Pereira;R$ 53.426,00;R$ 8.013,90;R$ 1.068,52;Sanchez Holdings;401
08/01/2017;7;Concerto ao Ar Livre;NÃO;194; Express News;Marcelo Mendes;; R$ -   ; R$ -   ;Não Cadastrado;403
08/01/2017;6; Lançamento de Produto;NÃO;1052; News Hub;Geraldo Pereira;; R$ -   ; R$ -   ;Coleman Holdings;400
09/01/2017;4; Lançamento de Produto;SIM;1297; News Hub;Geraldo Pereira;R$ 69.976,00;R$ 10.496,40; R$ -   ;Coleman Holdings;400
10/01/2017;5;Congresso Científico;SIM;657; Urban Herald;Natalia Silva;R$ 119.328,00;R$ 17.899,20;R$ 2.386,56;Cook & Sons;402
10/01/2017;2; Fórum de Tecnologia;50% PAGO;1091; Metro Monitor;Geraldo Pereira;R$ 83.064,00;R$ 12.459,60;R$ 1.661,28;Morgan Holdings;403
10/01/2017;2;Exposição de Arte;50% PAGO;306; City Digest;Marcelo Mendes;R$ 69.559,00;R$ 10.433,85;R$ 1.391,18;Coleman Holdings;402
10/01/2017;2; Fórum de Tecnologia;NÃO;1147; City Buzz;Marcelo Mendes;; R$ -   ; R$ -   ;Gonzalez Group;402
10/01/2017;8;Feira de Negócios;NÃO;1300; City Scope;Marcelo Mendes;; R$ -   ; R$ -   ;Mitchell Enterprises;403
10/01/2017;17; Encontro de Networking;NÃO;720; Community Digest;Marcelo Mendes;; R$ -   ; R$ -   ;Walker Partners;403
10/01/2017;15; Fórum de Tecnologia;NÃO;339; The Insightful Gazette;Geraldo Pereira;; R$ -   ; R$ -   ;Evans Enterprises;403
10/01/2017;13; Casamento de Luxo;50% PAGO;782; Trend Watcher;Geraldo Pereira;R$ 141.582,00;R$ 21.237,30; R$ -   ;Anderson & Sons;400
10/01/2017;17;Congresso Científico;50% PAGO;1076; Metro Tribune;Vilma Soares;R$ 102.120,00;R$ 15.318,00;R$ 2.042,40;Coleman Holdings;402
10/01/2017;20;Seminário de Desenvolvimento Pessoal;50% PAGO;122;Estadão;Vilma Soares;R$ 58.889,00;R$ 8.833,35;R$ 1.177,78;Walker Partners;402
10/01/2017;19; Jantar de Gala;50% PAGO;325; The Daily Bulletin;Vilma Soares;R$ 79.157,00;R$ 11.873,55; R$ -   ;Coleman Holdings;402
10/01/2017;17;Festival Cultural;50% PAGO;723; The Daily Bulletin;Vilma Soares;R$ 50.839,00;R$ 7.625,85;R$ 1.016,78;Murphy Corporation;400
10/01/2017;17; Lançamento de Produto;NÃO;998; City Buzz;Marcelo Mendes;; R$ -   ; R$ -   ;Nelson Corporation;400
12/01/2017;7; Lançamento de Produto;SIM;1037; Community Chronicle;Marcelo Mendes;R$ 19.895,50;R$ 2.984,33;R$ 397,91;Clark Corporation;401
12/01/2017;9; Lançamento de Produto;50% PAGO;448;Rede TV New (site);Marcelo Mendes;R$ 96.832,00;R$ 14.524,80; R$ -   ;Johnson Enterprises;400
12/01/2017;16;Workshop de Fotografia;SIM;351;Estadão;Marcelo Mendes;R$ 10.993,50;R$ 1.649,03;R$ 219,87;Walker Partners;403
12/01/2017;14;Festival Cultural;NÃO;1192; Local Lens;Marcelo Mendes;; R$ -   ; R$ -   ;Ortiz Enterprises;401
12/01/2017;8;Gala de Premiação;SIM;180; News Flash;Vilma Soares;R$ 50.795,00;R$ 7.619,25; R$ -   ;Ortiz Enterprises;401
12/01/2017;15;Exposição de Arte;SIM;76; Metro Tribune;Vilma Soares;R$ 15.192,50;R$ 2.278,88;R$ 303,85;Hall Corporation;402
12/01/2017;3; Jantar de Gala;50% PAGO;1171; News Hub;Natalia Silva;R$ 83.147,00;R$ 12.472,05; R$ -   ;Coleman Holdings;403
12/01/2017;10; Lançamento de Produto;NÃO;169; Voice of the City;Natalia Silva;; R$ -   ; R$ -   ;Collins Corporation;401
12/01/2017;8;Concerto ao Ar Livre;50% PAGO;285; The Insightful Gazette;Marcelo Mendes;R$ 102.254,50;R$ 15.338,18;R$ 2.045,09;Coleman Holdings;400
12/01/2017;4; Show de Comédia;50% PAGO;1314; Metro Herald;Marcelo Mendes;R$ 58.802,00;R$ 8.820,30;R$ 1.176,04;Lewis Enterprises;401
12/01/2017;19; Feira Gastronômica;50% PAGO;585; Insightful Observer;Marcelo Mendes;R$ 12.014,00;R$ 1.802,10;R$ 240,28;Murphy Corporation;403
12/01/2017;8; Casamento de Luxo;50% PAGO;777;O Globo;Marcelo Mendes;R$ 33.267,50;R$ 4.990,13; R$ -   ;Allen & Co;400
12/01/2017;14; Encontro de Networking;NÃO;1268; Global News Network;Geraldo Pereira;; R$ -   ; R$ -   ;Turner Corporation;403
12/01/2017;2;Workshop de Fotografia;SIM;205; The Press Agency;Geraldo Pereira;R$ 81.920,00;R$ 12.288,00;R$ 1.638,40;Smith Corporation;403
12/01/2017;20; Desfile de Moda;50% PAGO;591; Insightful Observer;Vilma Soares;R$ 43.590,00;R$ 6.538,50;R$ 871,80;Hayes Holdings;402
12/01/2017;16; Desfile de Moda;50% PAGO;109; City Newsline;Natalia Silva;R$ 58.245,00;R$ 8.736,75; R$ -   ;Não Cadastrado;401
28/01/2017;16;Gala de Premiação;50% PAGO;940; The City Voice;Marcelo Mendes;R$ 88.766,00;R$ 13.314,90; R$ -   ;Phillips & Sons;400
28/01/2017;14; Fórum de Tecnologia;SIM;893; Urban Update;Geraldo Pereira;R$ 76.028,50;R$ 11.404,28;R$ 1.520,57;Coleman Holdings;401
28/01/2017;18; Encontro de Networking;SIM;211; Metro Tribune;Marcelo Mendes;R$ 74.128,50;R$ 11.119,28;R$ 1.482,57;Collins Corporation;400
28/01/2017;5;Festival Cultural;SIM;1300; Community Chronicle;Geraldo Pereira;R$ 36.154,50;R$ 5.423,18;R$ 723,09;Morris Enterprises;402
28/01/2017;12; Competição Esportiva;NÃO;53; Media Monitor;Vilma Soares;; R$ -   ; R$ -   ;Sanchez Holdings;402
28/01/2017;12; Show de Comédia;50% PAGO;679; People's Gazette;Geraldo Pereira;R$ 89.679,00;R$ 13.451,85;R$ 1.793,58;Jones Partners;400
29/01/2017;14; Fórum de Tecnologia;NÃO;956; The Communicator;Vilma Soares;; R$ -   ; R$ -   ;Não Cadastrado;403
05/02/2017;19; Show de Comédia;NÃO;339; Media Matters;Vilma Soares;; R$ -   ; R$ -   ;Nelson Corporation;401
05/02/2017;7;Festival Cultural;50% PAGO;383; Metro Monitor;Marcelo Mendes;R$ 26.094,50;R$ 3.914,18;R$ 521,89;Rodriguez Group;403
05/02/2017;19; Jantar de Gala;50% PAGO;1088;O Globo;Vilma Soares;R$ 63.882,50;R$ 9.582,38; R$ -   ;Evans Enterprises;401
05/02/2017;5; Evento Beneficente;NÃO;477; The Daily Echo;Natalia Silva;; R$ -   ; R$ -   ;Coleman Holdings;402
05/02/2017;14; Desfile de Moda;NÃO;533; Metro Messenger;Geraldo Pereira;; R$ -   ; R$ -   ;Perez Holdings;403
05/02/2017;20;Exposição de Arte;50% PAGO;87; Media Pulse;Vilma Soares;R$ 74.695,50;R$ 11.204,33;R$ 1.493,91;Coleman Holdings;403
05/02/2017;12;Concerto ao Ar Livre;SIM;1156; Urban Chronicle;Marcelo Mendes;R$ 77.000,00;R$ 11.550,00;R$ 1.540,00;Martinez Corporation;400
05/02/2017;5;Conferência Internacional;NÃO;1212; News Beat;Geraldo Pereira;; R$ -   ; R$ -   ;Adams Holdings;403
05/02/2017;14;Gala de Premiação;NÃO;1296; City Newsline;Geraldo Pereira;; R$ -   ; R$ -   ;Collins Corporation;403
05/02/2017;7; Fórum de Tecnologia;50% PAGO;152; Urban Herald;Natalia Silva;R$ 34.344,00;R$ 5.151,60;R$ 686,88;Cooper Enterprises;401
05/02/2017;13;Gala de Premiação;50% PAGO;843; Urban Update;Geraldo Pereira;R$ 15.848,00;R$ 2.377,20; R$ -   ;Coleman Holdings;401
05/02/2017;5;Workshop de Fotografia;SIM;1039; Trend Watcher;Geraldo Pereira;R$ 12.137,00;R$ 1.820,55;R$ 242,74;Anderson & Sons;401
21/02/2017;12; Jantar de Gala;50% PAGO;854; Express News;Geraldo Pereira;R$ 98.191,00;R$ 14.728,65; R$ -   ;Hall Corporation;401
21/02/2017;17; Competição Esportiva;SIM;1197; The Press Agency;Marcelo Mendes;R$ 93.398,50;R$ 14.009,78;R$ 1.867,97;Sanchez Holdings;400
21/02/2017;6;Festival Cultural;SIM;447; The Daily Insight;Vilma Soares;R$ 144.636,50;R$ 21.695,48;R$ 2.892,73;Rogers Group;400
21/02/2017;18;Conferência Internacional;50% PAGO;1184; The News Gazette;Marcelo Mendes;R$ 105.510,00;R$ 15.826,50; R$ -   ;Williams Industries;403
22/02/2017;5;Congresso Científico;SIM;1095; Metro Herald;Marcelo Mendes;R$ 92.909,50;R$ 13.936,43;R$ 1.858,19;Edwards Group;401
22/02/2017;1; Desfile de Moda;50% PAGO;569; The Update;Geraldo Pereira;R$ 96.702,00;R$ 14.505,30;R$ 1.934,04;Lewis Enterprises;401
22/02/2017;1; Encontro de Networking;NÃO;653;Jornal Folha;Marcelo Mendes;; R$ -   ; R$ -   ;Nelson Corporation;402
22/02/2017;17; Lançamento de Produto;50% PAGO;58; Insightful Times;Marcelo Mendes;R$ 64.775,00;R$ 9.716,25;R$ 1.295,50;Rivera Holdings;403
22/02/2017;16; Competição Esportiva;NÃO;259; City Sun;Marcelo Mendes;; R$ -   ; R$ -   ;Gray Enterprises;401
22/02/2017;20;Festival Cultural;NÃO;517; City Pulse;Natalia Silva;; R$ -   ; R$ -   ;Não Cadastrado;401
22/02/2017;15; Encontro de Networking;SIM;1308; The Daily Bulletin;Marcelo Mendes;R$ 30.145,50;R$ 4.521,83;R$ 602,91;Davis Holdings;403
22/02/2017;14;Feira de Negócios;50% PAGO;737; Urban Herald;Natalia Silva;R$ 59.656,00;R$ 8.948,40;R$ 1.193,12;Não Cadastrado;402
22/02/2017;15; Show de Comédia;SIM;612; Voice of the City;Marcelo Mendes;R$ 134.252,50;R$ 20.137,88;R$ 2.685,05;Coleman Holdings;403
22/02/2017;5;Conferência Internacional;SIM;918; Express News;Marcelo Mendes;R$ 136.901,50;R$ 20.535,23; R$ -   ;Brown & Co;403
22/02/2017;20;Workshop de Fotografia;50% PAGO;458; Urban Herald;Marcelo Mendes;R$ 123.999,00;R$ 18.599,85;R$ 2.479,98;Scott Corporation;400
22/02/2017;10; Show de Comédia;50% PAGO;1211; News Flash;Geraldo Pereira;R$ 75.467,00;R$ 11.320,05; R$ -   ;Rodriguez Group;400
22/02/2017;17;Exposição de Arte;NÃO;1306; News Flash;Vilma Soares;; R$ -   ; R$ -   ;Coleman Holdings;402
22/02/2017;17; Show de Comédia;NÃO;384; News Hub;Marcelo Mendes;; R$ -   ; R$ -   ;Cooper Enterprises;403
22/02/2017;14;Gala de Premiação;SIM;71; Prime Times;Geraldo Pereira;R$ 20.247,00;R$ 3.037,05; R$ -   ;Coleman Holdings;400
22/02/2017;4;Feira de Negócios;50% PAGO;927; Media Spotlight;Vilma Soares;R$ 35.369,50;R$ 5.305,43;R$ 707,39;Phillips & Sons;403
22/02/2017;18; Convenção Empresarial;NÃO;378; Media Monitor;Vilma Soares;; R$ -   ; R$ -   ;Coleman Holdings;402
22/02/2017;2; Convenção Empresarial;NÃO;928; News Flash;Marcelo Mendes;; R$ -   ; R$ -   ;Phillips & Sons;400
22/02/2017;7; Feira Gastronômica;SIM;1017; Community Digest;Marcelo Mendes;R$ 125.222,00;R$ 18.783,30;R$ 2.504,44;Rogers Group;402
22/02/2017;16;Festival Cultural;50% PAGO;991; The Informational Herald;Marcelo Mendes;R$ 94.391,00;R$ 14.158,65;R$ 1.887,82;Mitchell Enterprises;403
22/02/2017;9;Congresso Científico;NÃO;754;Yahoo;Vilma Soares;; R$ -   ; R$ -   ;Turner Corporation;402
22/02/2017;14;Workshop de Fotografia;50% PAGO;76; The Daily Insight;Geraldo Pereira;R$ 129.162,00;R$ 19.374,30;R$ 2.583,24;Não Cadastrado;401
22/02/2017;5; Jantar de Gala;SIM;395; Prime Times;Vilma Soares;R$ 147.829,50;R$ 22.174,43; R$ -   ;Ross Corporation;400
23/02/2017;18;Concerto ao Ar Livre;50% PAGO;338; Urban Update;Natalia Silva;R$ 110.112,00;R$ 16.516,80;R$ 2.202,24;Green & Co;401
23/02/2017;1;Feira de Negócios;50% PAGO;158; Local Lens;Natalia Silva;R$ 149.027,50;R$ 22.354,13;R$ 2.980,55;Garcia Enterprises;403
23/02/2017;3;Congresso Científico;50% PAGO;784; Insightful Times;Geraldo Pereira;R$ 109.082,00;R$ 16.362,30;R$ 2.181,64;Johnson Enterprises;402
23/02/2017;1; Fórum de Tecnologia;50% PAGO;1082; Urban Herald;Natalia Silva;R$ 102.448,50;R$ 15.367,28;R$ 2.048,97;Morgan Holdings;402
23/02/2017;3;Festival Cultural;NÃO;1053; Daily Chronicle;Marcelo Mendes;; R$ -   ; R$ -   ;Não Informado;400
23/02/2017;5;Feira de Negócios;NÃO;626; Local Lens;Natalia Silva;; R$ -   ; R$ -   ;Rodriguez Group;401
23/02/2017;4; Casamento de Luxo;SIM;365; The Insightful Gazette;Vilma Soares;R$ 117.687,00;R$ 17.653,05; R$ -   ;Green & Co;403
23/02/2017;16; Lançamento de Produto;NÃO;301; Metro Messenger;Marcelo Mendes;; R$ -   ; R$ -   ;Carter & Co;402
23/02/2017;14;Feira de Negócios;50% PAGO;548; The Urban Observer;Vilma Soares;R$ 13.741,00;R$ 2.061,15;R$ 274,82;Ortiz Enterprises;400
23/02/2017;9; Fórum de Tecnologia;50% PAGO;251; Urban Update;Geraldo Pereira;R$ 101.273,00;R$ 15.190,95;R$ 2.025,46;Russell & Co;402
23/02/2017;9; Evento Beneficente;NÃO;258; The City Voice;Natalia Silva;; R$ -   ; R$ -   ;Russell & Co;401
23/02/2017;15;Seminário de Desenvolvimento Pessoal;50% PAGO;500; Community Digest;Marcelo Mendes;R$ 141.144,50;R$ 21.171,68;R$ 2.822,89;Coleman Holdings;403
23/02/2017;15; Competição Esportiva;SIM;438; Media Express;Geraldo Pereira;R$ 126.208,50;R$ 18.931,28;R$ 2.524,17;Hernandez Group;401
23/02/2017;13;Workshop de Fotografia;SIM;872; Media Tracker;Geraldo Pereira;R$ 10.587,50;R$ 1.588,13;R$ 211,75;Não Cadastrado;401
23/02/2017;4; Fórum de Tecnologia;SIM;1292; Express News;Vilma Soares;R$ 59.839,00;R$ 8.975,85; R$ -   ;Stewart & Co;402
23/02/2017;15; Show de Comédia;SIM;764; The Daily Insight;Natalia Silva;R$ 50.617,50;R$ 7.592,63;R$ 1.012,35;Ortiz Enterprises;401
23/02/2017;8; Casamento de Luxo;NÃO;383; Local Lens;Geraldo Pereira;; R$ -   ; R$ -   ;Reed Corporation;403
23/02/2017;12; Casamento de Luxo;50% PAGO;680; The Communicator;Natalia Silva;R$ 105.654,00;R$ 15.848,10; R$ -   ;Rivera Holdings;402
23/02/2017;16; Show de Comédia;50% PAGO;166;O Globo;Geraldo Pereira;R$ 95.729,00;R$ 14.359,35;R$ 1.914,58;Johnson Enterprises;402
23/02/2017;4;Festival Cultural;50% PAGO;336; The Daily Insight;Marcelo Mendes;R$ 70.505,00;R$ 10.575,75;R$ 1.410,10;Bennett Holdings;403
23/02/2017;7; Encontro de Networking;NÃO;362; The Daily Echo;Geraldo Pereira;; R$ -   ; R$ -   ;Coleman Holdings;402
23/02/2017;3; Competição Esportiva;50% PAGO;214; Media Express;Natalia Silva;R$ 55.691,00;R$ 8.353,65;R$ 1.113,82;Allen & Co;401
23/02/2017;8; Encontro de Networking;SIM;715; Media Pulse;Natalia Silva;R$ 46.936,00;R$ 7.040,40;R$ 938,72;Anderson & Sons;402
23/02/2017;5; Fórum de Tecnologia;SIM;1223;Veja;Natalia Silva;R$ 30.921,00;R$ 4.638,15;R$ 618,42;Coleman Holdings;403
23/02/2017;20; Jantar de Gala;NÃO;1099; Media Maven;Vilma Soares;; R$ -   ; R$ -   ;Coleman Holdings;403
23/02/2017;15;Conferência Internacional;NÃO;812; Community Chronicle;Geraldo Pereira;; R$ -   ; R$ -   ;Taylor Group;402
23/02/2017;20; Jantar de Gala;SIM;466; Info Stream;Natalia Silva;R$ 106.663,00;R$ 15.999,45; R$ -   ;Anderson & Sons;401
23/02/2017;9;Workshop de Fotografia;SIM;581; Metro Tribune;Marcelo Mendes;R$ 261.607,00;R$ 39.241,05;R$ 5.232,14;Evans Enterprises;403
23/02/2017;7; Convenção Empresarial;50% PAGO;1188; Insightful Observer;Vilma Soares;R$ 280.250,00;R$ 42.037,50;R$ 5.605,00;Collins Corporation;403
23/02/2017;9;Feira de Negócios;50% PAGO;756; Prime Times;Marcelo Mendes;R$ 60.608,00;R$ 9.091,20;R$ 1.212,16;Perez Holdings;402
23/02/2017;5;Concerto ao Ar Livre;50% PAGO;782; Media Tracker;Geraldo Pereira;R$ 61.940,00;R$ 9.291,00;R$ 1.238,80;Coleman Holdings;400
23/02/2017;15; Feira Gastronômica;NÃO;392; The Information Hub;Geraldo Pereira;; R$ -   ; R$ -   ;Rivera Holdings;400
23/02/2017;5; Lançamento de Produto;NÃO;876; The Information Hub;Geraldo Pereira;; R$ -   ; R$ -   ;Cook & Sons;401
23/02/2017;13; Convenção Empresarial;50% PAGO;865; The Information Digest;Vilma Soares;R$ 55.052,00;R$ 8.257,80;R$ 1.101,04;Coleman Holdings;402
23/02/2017;5;Seminário de Desenvolvimento Pessoal;50% PAGO;1146;Veja;Marcelo Mendes;R$ 78.093,00;R$ 11.713,95;R$ 1.561,86;Coleman Holdings;402
23/02/2017;4; Fórum de Tecnologia;50% PAGO;857; Info Stream;Natalia Silva;R$ 116.365,00;R$ 17.454,75;R$ 2.327,30;Nelson & Sons;403
23/02/2017;17; Fórum de Tecnologia;NÃO;724; News Hub;Geraldo Pereira;; R$ -   ; R$ -   ;Não Cadastrado;401
23/02/2017;20; Casamento de Luxo;NÃO;159; Urban Express;Natalia Silva;; R$ -   ; R$ -   ;Coleman Holdings;401
23/02/2017;12;Congresso Científico;NÃO;328; The Informational Herald;Natalia Silva;; R$ -   ; R$ -   ;Bailey & Co;402
23/02/2017;20;Feira de Negócios;SIM;487; The Update;Geraldo Pereira;R$ 74.960,00;R$ 11.244,00;R$ 1.499,20;Gonzalez Group;401
23/02/2017;19; Competição Esportiva;SIM;421; City Digest;Vilma Soares;R$ 290.815,00;R$ 43.622,25;R$ 5.816,30;Não Cadastrado;402
23/02/2017;8; Convenção Empresarial;SIM;1294; Newsline Journal;Natalia Silva;R$ 95.700,00;R$ 14.355,00; R$ -   ;Coleman Holdings;402
24/02/2017;17; Show de Comédia;NÃO;445; Media Matters;Vilma Soares;; R$ -   ; R$ -   ;Não Cadastrado;400
24/02/2017;17; Desfile de Moda;NÃO;1081; City Digest;Marcelo Mendes;; R$ -   ; R$ -   ;Não Cadastrado;403
24/02/2017;7;Feira de Negócios;50% PAGO;535;Estadão;Natalia Silva;R$ 60.633,00;R$ 9.094,95;R$ 1.212,66;Coleman Holdings;400
24/02/2017;4;Exposição de Arte;50% PAGO;626; The Daily Echo;Vilma Soares;R$ 204.457,00;R$ 30.668,55;R$ 4.089,14;Young Holdings;400
24/02/2017;4; Desfile de Moda;NÃO;352; Prime Times;Marcelo Mendes;; R$ -   ; R$ -   ;Não Cadastrado;400
24/02/2017;2; Casamento de Luxo;50% PAGO;937; Global News Network;Marcelo Mendes;R$ 280.181,00;R$ 42.027,15; R$ -   ;Bailey & Co;401
24/02/2017;3;Festival Cultural;50% PAGO;570; Community Chronicle;Geraldo Pereira;R$ 92.329,00;R$ 13.849,35;R$ 1.846,58;Roberts Partners;402
24/02/2017;14;Workshop de Fotografia;50% PAGO;800; Insightful Observer;Vilma Soares;R$ 173.335,00;R$ 26.000,25;R$ 3.466,70;Não Cadastrado;401
24/02/2017;19;Concerto ao Ar Livre;SIM;753; People's Gazette;Marcelo Mendes;R$ 51.691,00;R$ 7.753,65;R$ 1.033,82;Jones Partners;403
24/02/2017;15; Evento Beneficente;SIM;839; The Daily Insight;Geraldo Pereira;R$ 231.112,00;R$ 34.666,80;R$ 4.622,24;Taylor Group;403
24/02/2017;7; Show de Comédia;NÃO;601; The Daily Echo;Vilma Soares;; R$ -   ; R$ -   ;Morris Enterprises;400
24/02/2017;5; Jantar de Gala;50% PAGO;297; The Daily Report;Vilma Soares;R$ 60.734,00;R$ 9.110,10; R$ -   ;Hall Corporation;400
24/02/2017;12; Evento Beneficente;50% PAGO;631;O Globo;Vilma Soares;R$ 250.294,00;R$ 37.544,10;R$ 5.005,88;Sanchez Holdings;401
24/02/2017;19; Convenção Empresarial;50% PAGO;728; Insight Today;Geraldo Pereira;R$ 273.222,00;R$ 40.983,30;R$ 5.464,44;Green & Co;401
24/02/2017;13; Feira Gastronômica;50% PAGO;367; News Flash;Geraldo Pereira;R$ 60.154,00;R$ 9.023,10; R$ -   ;Wright Enterprises;403
24/02/2017;12; Show de Comédia;50% PAGO;787; Media Matters;Marcelo Mendes;R$ 83.040,00;R$ 12.456,00;R$ 1.660,80;Não Cadastrado;402
24/02/2017;9; Feira Gastronômica;50% PAGO;854; Newsline Journal;Geraldo Pereira;R$ 50.420,00;R$ 7.563,00; R$ -   ;Não Cadastrado;401
24/02/2017;11;Gala de Premiação;NÃO;866; Media Express;Geraldo Pereira;; R$ -   ; R$ -   ;Phillips & Sons;403
24/02/2017;3;Exposição de Arte;NÃO;658; News Flash;Marcelo Mendes;; R$ -   ; R$ -   ;Ortiz Enterprises;403
24/02/2017;15;Concerto ao Ar Livre;50% PAGO;643; Info Stream;Natalia Silva;R$ 74.947,00;R$ 11.242,05;R$ 1.498,94;Martinez Corporation;403
24/02/2017;12; Desfile de Moda;NÃO;587; Media Monitor;Vilma Soares;; R$ -   ; R$ -   ;Rivera Holdings;401
24/02/2017;9; Jantar de Gala;NÃO;658; City Sun;Natalia Silva;; R$ -   ; R$ -   ;Turner Corporation;402
24/02/2017;5;Seminário de Desenvolvimento Pessoal;50% PAGO;917; Local Times;Geraldo Pereira;R$ 172.695,00;R$ 25.904,25;R$ 3.453,90;Ross Corporation;402
24/02/2017;7; Competição Esportiva;SIM;1053; Community Digest;Geraldo Pereira;R$ 107.330,00;R$ 16.099,50;R$ 2.146,60;Foster Corporation;400
24/02/2017;3;Conferência Internacional;SIM;141; The Information Hub;Geraldo Pereira;R$ 41.023,00;R$ 6.153,45;R$ 820,46;Coleman Holdings;402
24/02/2017;17; Lançamento de Produto;NÃO;462; The Daily Bulletin;Natalia Silva;; R$ -   ; R$ -   ;Coleman Holdings;402
24/02/2017;5;Festival Cultural;50% PAGO;410;Yahoo;Marcelo Mendes;R$ 50.349,00;R$ 7.552,35;R$ 1.006,98;Murphy Corporation;401
24/02/2017;19;Festival Cultural;50% PAGO;927; Insightful Times;Vilma Soares;R$ 58.914,00;R$ 8.837,10;R$ 1.178,28;Foster Corporation;400
24/02/2017;18;Seminário de Desenvolvimento Pessoal;50% PAGO;661; News Wave;Geraldo Pereira;R$ 95.610,00;R$ 14.341,50; R$ -   ;Coleman Holdings;402
24/02/2017;9;Festival Cultural;50% PAGO;649; Media Monitor;Geraldo Pereira;R$ 147.553,00;R$ 22.132,95;R$ 2.951,06;Coleman Holdings;401
24/02/2017;12; Encontro de Networking;50% PAGO;1303; City Scope;Vilma Soares;R$ 104.407,00;R$ 15.661,05;R$ 2.088,14;Stewart & Co;402
24/02/2017;8; Casamento de Luxo;SIM;935; Insightful Observer;Natalia Silva;R$ 61.704,00;R$ 9.255,60; R$ -   ;Coleman Holdings;402
24/02/2017;11; Competição Esportiva;50% PAGO;50; The Informational Herald;Geraldo Pereira;R$ 95.026,00;R$ 14.253,90;R$ 1.900,52;Não Cadastrado;401
24/02/2017;16; Fórum de Tecnologia;50% PAGO;271; Prime Times;Vilma Soares;R$ 109.562,00;R$ 16.434,30;R$ 2.191,24;Rivera Holdings;402
24/02/2017;12; Convenção Empresarial;50% PAGO;87; Insightful Observer;Natalia Silva;R$ 202.427,00;R$ 30.364,05;R$ 4.048,54;Não Informado;402
24/02/2017;6;Seminário de Desenvolvimento Pessoal;50% PAGO;910; Voice of the City;Geraldo Pereira;R$ 106.825,00;R$ 16.023,75;R$ 2.136,50;Wright Enterprises;403
24/02/2017;10;Workshop de Fotografia;SIM;263; Prime Times;Vilma Soares;R$ 131.691,00;R$ 19.753,65;R$ 2.633,82;Coleman Holdings;403
24/02/2017;19; Fórum de Tecnologia;SIM;239; City News Now;Marcelo Mendes;R$ 197.143,00;R$ 29.571,45; R$ -   ;Green & Co;403
24/02/2017;19;Festival Cultural;50% PAGO;560; City Scope;Natalia Silva;R$ 95.207,00;R$ 14.281,05;R$ 1.904,14;Anderson & Sons;403
24/02/2017;20;Workshop de Fotografia;NÃO;1074; City News Now;Natalia Silva;; R$ -   ; R$ -   ;Edwards Group;400
24/02/2017;4; Convenção Empresarial;NÃO;778; Urban Express;Geraldo Pereira;; R$ -   ; R$ -   ;Não Cadastrado;401
24/02/2017;17; Casamento de Luxo;50% PAGO;973; Media Tracker;Vilma Soares;R$ 90.064,00;R$ 13.509,60; R$ -   ;Jones Partners;400
24/02/2017;5; Feira Gastronômica;NÃO;335; Info Stream;Natalia Silva;; R$ -   ; R$ -   ;Hernandez Group;400
24/02/2017;7; Evento Beneficente;SIM;650; The Urban Tribune;Geraldo Pereira;R$ 65.492,00;R$ 9.823,80;R$ 1.309,84;Coleman Holdings;401
24/02/2017;7;Exposição de Arte;50% PAGO;562; The Daily Echo;Vilma Soares;R$ 277.257,00;R$ 41.588,55;R$ 5.545,14;Rodriguez Group;403
24/02/2017;12; Evento Beneficente;SIM;1192; City News Now;Natalia Silva;R$ 225.027,00;R$ 33.754,05; R$ -   ;Reed Corporation;400
24/02/2017;13; Competição Esportiva;50% PAGO;478; News Wave;Geraldo Pereira;R$ 237.967,00;R$ 35.695,05; R$ -   ;Davis Holdings;400
24/02/2017;6; Casamento de Luxo;SIM;333; Metro Monitor;Geraldo Pereira;R$ 110.225,00;R$ 16.533,75; R$ -   ;Hall Corporation;403
24/02/2017;16;Exposição de Arte;50% PAGO;1004; City Buzz;Marcelo Mendes;R$ 89.776,00;R$ 13.466,40;R$ 1.795,52;Wilson Industries;400
24/02/2017;9;Seminário de Desenvolvimento Pessoal;SIM;892; Prime Times;Marcelo Mendes;R$ 48.177,00;R$ 7.226,55;R$ 963,54;Wright Enterprises;403
24/02/2017;1;Concerto ao Ar Livre;NÃO;85; Urban Herald;Geraldo Pereira;; R$ -   ; R$ -   ;Adams Holdings;403
24/02/2017;20; Evento Beneficente;50% PAGO;131;Yahoo;Geraldo Pereira;R$ 80.061,00;R$ 12.009,15;R$ 1.601,22;Bailey & Co;400
24/02/2017;5; Jantar de Gala;SIM;352; Metro Messenger;Marcelo Mendes;R$ 28.854,00;R$ 4.328,10; R$ -   ;Cook & Sons;401
24/02/2017;18;Festival Cultural;SIM;545; News Flash;Natalia Silva;R$ 173.615,00;R$ 26.042,25; R$ -   ;Nelson Corporation;401
24/02/2017;12;Congresso Científico;50% PAGO;696; Voice of the City;Marcelo Mendes;R$ 71.312,00;R$ 10.696,80;R$ 1.426,24;Não Cadastrado;400
24/02/2017;19; Jantar de Gala;NÃO;149;Jornal Folha;Natalia Silva;; R$ -   ; R$ -   ;Jones Partners;400
24/02/2017;6; Lançamento de Produto;50% PAGO;564; Metro Messenger;Natalia Silva;R$ 93.080,00;R$ 13.962,00;R$ 1.861,60;Jones Partners;401
24/02/2017;20; Show de Comédia;50% PAGO;802; Media Matters;Natalia Silva;R$ 84.030,00;R$ 12.604,50;R$ 1.680,60;Turner Corporation;403
24/02/2017;6; Encontro de Networking;50% PAGO;935;Jornal Folha;Vilma Soares;R$ 55.368,00;R$ 8.305,20;R$ 1.107,36;Brown & Co;403
24/02/2017;4; Casamento de Luxo;50% PAGO;1204; City Pulse;Geraldo Pereira;R$ 99.353,00;R$ 14.902,95; R$ -   ;Gonzalez Group;402
25/02/2017;2; Fórum de Tecnologia;50% PAGO;372; Prime Times;Marcelo Mendes;R$ 109.776,00;R$ 16.466,40;R$ 2.195,52;Coleman Holdings;400
25/02/2017;18;Conferência Internacional;50% PAGO;1057; Media Maven;Geraldo Pereira;R$ 63.812,00;R$ 9.571,80;R$ 1.276,24;Coleman Holdings;402
25/02/2017;2;Concerto ao Ar Livre;SIM;700; City Scope;Natalia Silva;R$ 261.830,00;R$ 39.274,50;R$ 5.236,60;Coleman Holdings;402
25/02/2017;7;Workshop de Fotografia;50% PAGO;1222; The Daily Echo;Marcelo Mendes;R$ 58.708,00;R$ 8.806,20;R$ 1.174,16;Martinez Corporation;402
25/02/2017;16; Competição Esportiva;SIM;534; Community Chronicle;Natalia Silva;R$ 261.238,00;R$ 39.185,70;R$ 5.224,76;Wright Enterprises;401
25/02/2017;8; Jantar de Gala;SIM;1118; People's Gazette;Geraldo Pereira;R$ 197.326,00;R$ 29.598,90; R$ -   ;Coleman Holdings;403
25/02/2017;6; Casamento de Luxo;SIM;158; Local Times;Geraldo Pereira;R$ 235.017,00;R$ 35.252,55; R$ -   ;Coleman Holdings;401
25/02/2017;3; Casamento de Luxo;50% PAGO;190;Estadão;Marcelo Mendes;R$ 221.804,00;R$ 33.270,60; R$ -   ;Coleman Holdings;403
25/02/2017;5;Festival Cultural;50% PAGO;239; The Information Hub;Vilma Soares;R$ 56.286,00;R$ 8.442,90;R$ 1.125,72;Brown & Co;403
25/02/2017;6; Evento Beneficente;SIM;955; The Information Digest;Natalia Silva;R$ 163.801,00;R$ 24.570,15;R$ 3.276,02;Wilson Industries;400
25/02/2017;15;Conferência Internacional;50% PAGO;1315; The Information Hub;Geraldo Pereira;R$ 76.933,00;R$ 11.539,95;R$ 1.538,66;Martinez Corporation;401
25/02/2017;2; Fórum de Tecnologia;SIM;315; Community Digest;Natalia Silva;R$ 175.783,00;R$ 26.367,45;R$ 3.515,66;Coleman Group;402
25/02/2017;14; Feira Gastronômica;SIM;746; The Update;Natalia Silva;R$ 73.474,00;R$ 11.021,10;R$ 1.469,48;Russell & Co;401
25/02/2017;19;Concerto ao Ar Livre;50% PAGO;340; Media Monitor;Geraldo Pereira;R$ 250.522,00;R$ 37.578,30;R$ 5.010,44;Clark Corporation;401
25/02/2017;17;Conferência Internacional;50% PAGO;1057; City Pulse;Natalia Silva;R$ 59.909,00;R$ 8.986,35;R$ 1.198,18;Scott Corporation;403
25/02/2017;8;Conferência Internacional;50% PAGO;1253; Trend Watcher;Geraldo Pereira;R$ 82.097,00;R$ 12.314,55;R$ 1.641,94;Foster Corporation;403
25/02/2017;11; Evento Beneficente;NÃO;1203; Media Express;Marcelo Mendes;; R$ -   ; R$ -   ;Não Cadastrado;400
25/02/2017;16;Concerto ao Ar Livre;SIM;162; The City Voice;Marcelo Mendes;R$ 130.180,00;R$ 19.527,00;R$ 2.603,60;Coleman Holdings;401
25/02/2017;14;Congresso Científico;50% PAGO;176; Media Monitor;Marcelo Mendes;R$ 127.262,00;R$ 19.089,30;R$ 2.545,24;Hall Corporation;401
25/02/2017;17; Encontro de Networking;50% PAGO;1208; City Digest;Geraldo Pereira;R$ 66.881,00;R$ 10.032,15;R$ 1.337,62;Rivera Holdings;403
25/02/2017;15; Evento Beneficente;50% PAGO;1136; The Insightful Gazette;Vilma Soares;R$ 95.639,00;R$ 14.345,85;R$ 1.912,78;Não Informado;400
25/02/2017;15; Evento Beneficente;SIM;755; Media Spotlight;Vilma Soares;R$ 299.074,00;R$ 44.861,10;R$ 5.981,48;Coleman Holdings;402
25/02/2017;4; Competição Esportiva;SIM;743; News Flash;Natalia Silva;R$ 94.219,00;R$ 14.132,85; R$ -   ;Não Informado;402
25/02/2017;13; Evento Beneficente;50% PAGO;130; The Urban Tribune;Geraldo Pereira;R$ 299.126,00;R$ 44.868,90;R$ 5.982,52;Clark Corporation;400
25/02/2017;3;Concerto ao Ar Livre;50% PAGO;1281; Insight Today;Geraldo Pereira;R$ 89.771,00;R$ 13.465,65;R$ 1.795,42;Johnson Enterprises;402
25/02/2017;3;Concerto ao Ar Livre;NÃO;784; Community Chronicle;Natalia Silva;; R$ -   ; R$ -   ;Coleman Holdings;401
25/02/2017;9; Convenção Empresarial;50% PAGO;818; The Informational Herald;Geraldo Pereira;R$ 74.331,00;R$ 11.149,65;R$ 1.486,62;Cook & Sons;402
25/02/2017;6;Workshop de Fotografia;50% PAGO;1022; The Urban Observer;Natalia Silva;R$ 89.504,00;R$ 13.425,60;R$ 1.790,08;Coleman Holdings;403
25/02/2017;10; Feira Gastronômica;50% PAGO;829; Info Stream;Natalia Silva;R$ 56.964,00;R$ 8.544,60;R$ 1.139,28;Turner Corporation;401
25/02/2017;17;Congresso Científico;NÃO;931; City Sun;Marcelo Mendes;; R$ -   ; R$ -   ;Reed Corporation;402
25/02/2017;13; Evento Beneficente;NÃO;722; Media Spotlight;Geraldo Pereira;; R$ -   ; R$ -   ;Coleman Holdings;400
25/02/2017;11; Jantar de Gala;SIM;1211; The News Gazette;Natalia Silva;R$ 42.575,00;R$ 6.386,25; R$ -   ;Coleman Holdings;403
25/02/2017;17;Conferência Internacional;SIM;600; News Flash;Vilma Soares;R$ 279.433,00;R$ 41.914,95; R$ -   ;Jones Partners;403
25/02/2017;4; Lançamento de Produto;NÃO;409; Info Stream;Marcelo Mendes;; R$ -   ; R$ -   ;Nelson & Sons;402
25/02/2017;15; Convenção Empresarial;50% PAGO;641; Community Chronicle;Marcelo Mendes;R$ 94.163,00;R$ 14.124,45;R$ 1.883,26;Coleman Holdings;403
25/02/2017;8; Casamento de Luxo;SIM;505; The News Gazette;Marcelo Mendes;R$ 152.631,00;R$ 22.894,65; R$ -   ;Wright Enterprises;400
25/02/2017;15; Convenção Empresarial;NÃO;428; Insightful Times;Geraldo Pereira;; R$ -   ; R$ -   ;Morris Enterprises;402
26/02/2017;19; Casamento de Luxo;SIM;1050; Local Lens;Geraldo Pereira;R$ 207.777,00;R$ 31.166,55; R$ -   ;Não Informado;401
26/02/2017;14; Competição Esportiva;50% PAGO;156;Yahoo;Geraldo Pereira;R$ 229.711,00;R$ 34.456,65;R$ 4.594,22;Brown & Co;403
26/02/2017;15;Concerto ao Ar Livre;SIM;1019; City Digest;Geraldo Pereira;R$ 87.572,00;R$ 13.135,80;R$ 1.751,44;Não Cadastrado;400
26/02/2017;1;Workshop de Fotografia;50% PAGO;79; The Press Agency;Geraldo Pereira;R$ 106.059,00;R$ 15.908,85;R$ 2.121,18;Adams Holdings;403
26/02/2017;17; Convenção Empresarial;50% PAGO;388; City Sun;Natalia Silva;R$ 89.629,00;R$ 13.444,35;R$ 1.792,58;Edwards Group;402
26/02/2017;3; Casamento de Luxo;SIM;73;Yahoo;Geraldo Pereira;R$ 295.829,00;R$ 44.374,35; R$ -   ;Hall Corporation;401
26/02/2017;4; Jantar de Gala;SIM;676; Metro Monitor;Geraldo Pereira;R$ 291.295,00;R$ 43.694,25; R$ -   ;Não Informado;400
26/02/2017;8; Desfile de Moda;NÃO;241; Media Maven;Natalia Silva;; R$ -   ; R$ -   ;Coleman Holdings;400
01/03/2017;9;Exposição de Arte;50% PAGO;1290; The Information Digest;Vilma Soares;R$ 77.963,00;R$ 11.694,45;R$ 1.559,26;Coleman Holdings;401
01/03/2017;2;Seminário de Desenvolvimento Pessoal;SIM;518; Urban Chronicle;Vilma Soares;R$ 247.958,00;R$ 37.193,70;R$ 4.959,16;Evans Enterprises;400
01/03/2017;4; Evento Beneficente;50% PAGO;89; The Information Hub;Geraldo Pereira;R$ 264.207,00;R$ 39.631,05;R$ 5.284,14;Não Cadastrado;400
01/03/2017;1; Jantar de Gala;50% PAGO;275; Community Digest;Geraldo Pereira;R$ 86.934,00;R$ 13.040,10; R$ -   ;Smith Corporation;402
01/03/2017;10;Exposição de Arte;50% PAGO;599; City Newsline;Natalia Silva;R$ 100.719,00;R$ 15.107,85; R$ -   ;Evans Enterprises;402
01/03/2017;16; Encontro de Networking;SIM;102; Daily Chronicle;Vilma Soares;R$ 190.415,00;R$ 28.562,25;R$ 3.808,30;Não Cadastrado;403
01/03/2017;5;Exposição de Arte;50% PAGO;135; City Newsline;Natalia Silva;R$ 75.566,00;R$ 11.334,90; R$ -   ;Reed Corporation;401
01/03/2017;11; Convenção Empresarial;50% PAGO;133; Urban Herald;Natalia Silva;R$ 98.108,00;R$ 14.716,20;R$ 1.962,16;Coleman Holdings;403
01/03/2017;6;Feira de Negócios;50% PAGO;387; News Flash;Natalia Silva;R$ 92.932,00;R$ 13.939,80; R$ -   ;Ross Corporation;400
01/03/2017;17;Gala de Premiação;NÃO;163; The Information Digest;Marcelo Mendes;; R$ -   ; R$ -   ;Hernandez Group;400
01/03/2017;16; Feira Gastronômica;SIM;426; Community Digest;Marcelo Mendes;R$ 106.529,00;R$ 15.979,35;R$ 2.130,58;Coleman Holdings;402
01/03/2017;1; Casamento de Luxo;SIM;1252; Metro Herald;Vilma Soares;R$ 31.025,00;R$ 4.653,75; R$ -   ;Rivera Holdings;400
01/03/2017;12; Feira Gastronômica;NÃO;1075; The Daily Bulletin;Marcelo Mendes;; R$ -   ; R$ -   ;Hayes Holdings;402
01/03/2017;10;Concerto ao Ar Livre;NÃO;1126; Info Stream;Natalia Silva;; R$ -   ; R$ -   ;Morris Enterprises;402
02/03/2017;9;Exposição de Arte;50% PAGO;1092; Info Stream;Geraldo Pereira;R$ 71.353,00;R$ 10.702,95;R$ 1.427,06;Walker Partners;403
02/03/2017;4;Festival Cultural;50% PAGO;562; Urban Express;Marcelo Mendes;R$ 81.594,00;R$ 12.239,10;R$ 1.631,88;Coleman Holdings;402
02/03/2017;10; Casamento de Luxo;50% PAGO;153; Media Spotlight;Natalia Silva;R$ 39.878,00;R$ 5.981,70; R$ -   ;Coleman Holdings;403
02/03/2017;20; Feira Gastronômica;50% PAGO;623; The Informational Herald;Natalia Silva;R$ 221.998,00;R$ 33.299,70;R$ 4.439,96;Martinez Corporation;402
02/03/2017;20; Competição Esportiva;SIM;513; Community Digest;Marcelo Mendes;R$ 95.708,00;R$ 14.356,20;R$ 1.914,16;Coleman Holdings;400
02/03/2017;4;Congresso Científico;50% PAGO;166;Rede TV New (site);Geraldo Pereira;R$ 65.805,00;R$ 9.870,75; R$ -   ;Coleman Holdings;400
02/03/2017;17; Casamento de Luxo;50% PAGO;672; City Pulse;Geraldo Pereira;R$ 259.868,00;R$ 38.980,20; R$ -   ;Cooper Enterprises;402
02/03/2017;7;Festival Cultural;SIM;697; Insight Today;Vilma Soares;R$ 82.919,00;R$ 12.437,85;R$ 1.658,38;Coleman Holdings;403
02/03/2017;15; Show de Comédia;50% PAGO;306; Prime Times;Natalia Silva;R$ 251.270,00;R$ 37.690,50;R$ 5.025,40;Roberts Partners;401
02/03/2017;3;Feira de Negócios;50% PAGO;304; City Scope;Geraldo Pereira;R$ 67.273,00;R$ 10.090,95;R$ 1.345,46;Não Cadastrado;400
02/03/2017;13;Workshop de Fotografia;50% PAGO;615; Media Tracker;Vilma Soares;R$ 202.556,00;R$ 30.383,40;R$ 4.051,12;Coleman Holdings;400
02/03/2017;19; Jantar de Gala;NÃO;794;Rede TV New (site);Natalia Silva;; R$ -   ; R$ -   ;Allen & Co;400
02/03/2017;11;Festival Cultural;SIM;919; Media Matters;Vilma Soares;R$ 237.185,00;R$ 35.577,75;R$ 4.743,70;Phillips & Sons;403
02/03/2017;20; Convenção Empresarial;50% PAGO;1247; Prime Times;Geraldo Pereira;R$ 60.366,00;R$ 9.054,90;R$ 1.207,32;Gonzalez Group;402
02/03/2017;11;Seminário de Desenvolvimento Pessoal;NÃO;1226; Media Tracker;Vilma Soares;; R$ -   ; R$ -   ;Adams Holdings;403
02/03/2017;10; Lançamento de Produto;SIM;233; Media Monitor;Vilma Soares;R$ 281.163,00;R$ 42.174,45;R$ 5.623,26;Evans Enterprises;400
02/03/2017;20; Evento Beneficente;NÃO;453;Jornal Folha;Vilma Soares;; R$ -   ; R$ -   ;Mitchell Enterprises;403
02/03/2017;17;Congresso Científico;SIM;895; The Daily Report;Vilma Soares;R$ 282.100,00;R$ 42.315,00;R$ 5.642,00;Mitchell Enterprises;402
02/03/2017;15; Fórum de Tecnologia;NÃO;108; Voice of the City;Natalia Silva;; R$ -   ; R$ -   ;Stewart & Co;402
02/03/2017;6; Show de Comédia;SIM;824; Urban Herald;Natalia Silva;R$ 187.585,00;R$ 28.137,75;R$ 3.751,70;Wilson Industries;400
02/03/2017;4; Convenção Empresarial;50% PAGO;56; Local Times;Marcelo Mendes;R$ 219.381,00;R$ 32.907,15;R$ 4.387,62;Coleman Holdings;403
02/03/2017;14; Lançamento de Produto;50% PAGO;407; The Daily Echo;Marcelo Mendes;R$ 153.195,00;R$ 22.979,25;R$ 3.063,90;Rodriguez & Associates;400
02/03/2017;1; Fórum de Tecnologia;50% PAGO;392; Local Times;Geraldo Pereira;R$ 183.161,00;R$ 27.474,15;R$ 3.663,22;Taylor Group;403
02/03/2017;9;Concerto ao Ar Livre;NÃO;804; The News Gazette;Geraldo Pereira;; R$ -   ; R$ -   ;Williams Industries;401
02/03/2017;4;Concerto ao Ar Livre;NÃO;112;Jornal Folha;Natalia Silva;; R$ -   ; R$ -   ;Nelson & Sons;402
02/03/2017;8;Concerto ao Ar Livre;50% PAGO;692; The Press Agency;Geraldo Pereira;R$ 53.238,00;R$ 7.985,70;R$ 1.064,76;Walker Partners;402
02/03/2017;3; Lançamento de Produto;SIM;912; Media Spotlight;Vilma Soares;R$ 161.837,00;R$ 24.275,55;R$ 3.236,74;Morris Enterprises;401
02/03/2017;13; Feira Gastronômica;50% PAGO;109; Trend Watcher;Vilma Soares;R$ 64.559,00;R$ 9.683,85;R$ 1.291,18;Cook & Sons;403
02/03/2017;4;Workshop de Fotografia;50% PAGO;633; Urban Update;Natalia Silva;R$ 70.684,00;R$ 10.602,60;R$ 1.413,68;Evans Enterprises;401
02/03/2017;3;Congresso Científico;NÃO;352;Jornal Folha;Natalia Silva;; R$ -   ; R$ -   ;Nelson Corporation;403
02/03/2017;13;Feira de Negócios;50% PAGO;901; Urban Update;Vilma Soares;R$ 215.498,00;R$ 32.324,70;R$ 4.309,96;Walker Partners;403
02/03/2017;15;Gala de Premiação;50% PAGO;440; Express News;Vilma Soares;R$ 89.461,00;R$ 13.419,15; R$ -   ;Coleman Holdings;403
02/03/2017;14; Competição Esportiva;50% PAGO;758;Jornal Folha;Marcelo Mendes;R$ 59.555,00;R$ 8.933,25;R$ 1.191,10;Rogers Group;402
02/03/2017;10; Competição Esportiva;NÃO;399; Insightful Observer;Natalia Silva;; R$ -   ; R$ -   ;Coleman Holdings;401
03/03/2017;15;Festival Cultural;NÃO;272; The Urban Observer;Marcelo Mendes;; R$ -   ; R$ -   ;Sanchez Holdings;402
03/03/2017;6; Competição Esportiva;50% PAGO;1240; The Daily Echo;Marcelo Mendes;R$ 74.750,00;R$ 11.212,50;R$ 1.495,00;Smith Corporation;402
03/03/2017;18;Conferência Internacional;SIM;1167; The Information Hub;Marcelo Mendes;R$ 199.978,00;R$ 29.996,70;R$ 3.999,56;Foster Corporation;401
03/03/2017;15; Desfile de Moda;50% PAGO;823; Media Spotlight;Natalia Silva;R$ 72.486,00;R$ 10.872,90;R$ 1.449,72;Johnson Enterprises;401
03/03/2017;12; Convenção Empresarial;NÃO;993; The Daily Insight;Vilma Soares;; R$ -   ; R$ -   ;Russell & Co;402
03/03/2017;6;Festival Cultural;50% PAGO;936; Media Maven;Marcelo Mendes;R$ 107.102,00;R$ 16.065,30;R$ 2.142,04;Wilson Industries;401
03/03/2017;4; Desfile de Moda;50% PAGO;96; The Information Hub;Geraldo Pereira;R$ 257.146,00;R$ 38.571,90;R$ 5.142,92;Jones Partners;401
04/03/2017;10; Jantar de Gala;50% PAGO;914; Media Tracker;Vilma Soares;R$ 54.817,00;R$ 8.222,55; R$ -   ;Johnson Enterprises;403
04/03/2017;16; Evento Beneficente;SIM;240; Media Monitor;Natalia Silva;R$ 212.053,00;R$ 31.807,95;R$ 4.241,06;Nelson Corporation;402
04/03/2017;17; Desfile de Moda;50% PAGO;153; Insightful Times;Vilma Soares;R$ 109.198,00;R$ 16.379,70;R$ 2.183,96;Brown & Co;403
04/03/2017;11;Workshop de Fotografia;50% PAGO;673; Media Pulse;Natalia Silva;R$ 89.542,00;R$ 13.431,30;R$ 1.790,84;Smith Corporation;400
04/03/2017;12; Fórum de Tecnologia;SIM;806;O Globo;Geraldo Pereira;R$ 45.072,00;R$ 6.760,80;R$ 901,44;Não Cadastrado;401
04/03/2017;10;Congresso Científico;NÃO;767; The Insightful Gazette;Geraldo Pereira;; R$ -   ; R$ -   ;Gray Enterprises;401
04/03/2017;12;Seminário de Desenvolvimento Pessoal;NÃO;71; City Digest;Marcelo Mendes;; R$ -   ; R$ -   ;Edwards Group;402
04/03/2017;1; Fórum de Tecnologia;50% PAGO;642; The Daily Report;Vilma Soares;R$ 47.800,00;R$ 7.170,00;R$ 956,00;Cook & Sons;403
04/03/2017;13; Evento Beneficente;SIM;201; Insightful Times;Vilma Soares;R$ 70.730,00;R$ 10.609,50;R$ 1.414,60;Gonzalez Group;403
04/03/2017;15; Jantar de Gala;50% PAGO;588; Insightful Times;Natalia Silva;R$ 106.957,00;R$ 16.043,55; R$ -   ;Walker Partners;400
04/03/2017;12; Convenção Empresarial;SIM;488; Local Lens;Geraldo Pereira;R$ 23.821,00;R$ 3.573,15;R$ 476,42;Não Cadastrado;401
04/03/2017;6;Concerto ao Ar Livre;50% PAGO;587; The Daily Report;Vilma Soares;R$ 27.940,00;R$ 4.191,00;R$ 558,80;Phillips & Sons;401
04/03/2017;4; Casamento de Luxo;SIM;661; News Flash;Geraldo Pereira;R$ 72.509,00;R$ 10.876,35; R$ -   ;Não Cadastrado;400
04/03/2017;14; Encontro de Networking;50% PAGO;545; News Hub;Natalia Silva;R$ 108.659,00;R$ 16.298,85; R$ -   ;Walker Partners;403
05/03/2017;8;Seminário de Desenvolvimento Pessoal;NÃO;506; The Press Agency;Natalia Silva;; R$ -   ; R$ -   ;Coleman Holdings;403
05/03/2017;18; Encontro de Networking;50% PAGO;1057; Insight Today;Natalia Silva;R$ 280.497,00;R$ 42.074,55;R$ 5.609,94;Não Cadastrado;401
05/03/2017;7; Lançamento de Produto;NÃO;213; Media Tracker;Geraldo Pereira;; R$ -   ; R$ -   ;Coleman Holdings;403
05/03/2017;13; Encontro de Networking;50% PAGO;503; The Daily Bulletin;Marcelo Mendes;R$ 63.598,00;R$ 9.539,70;R$ 1.271,96;Hayes Holdings;400
05/03/2017;19;Feira de Negócios;50% PAGO;189; Metro Monitor;Marcelo Mendes;R$ 260.413,00;R$ 39.061,95;R$ 5.208,26;Rodriguez Group;402
05/03/2017;7;Exposição de Arte;50% PAGO;1266; Metro Monitor;Marcelo Mendes;R$ 101.527,00;R$ 15.229,05;R$ 2.030,54;Reed Corporation;402
05/03/2017;16; Show de Comédia;50% PAGO;394; Daily Chronicle;Vilma Soares;R$ 108.992,00;R$ 16.348,80;R$ 2.179,84;Coleman Holdings;403
05/03/2017;19;Conferência Internacional;50% PAGO;467; Urban Herald;Marcelo Mendes;R$ 91.899,00;R$ 13.784,85;R$ 1.837,98;Rivera Holdings;401
05/03/2017;18;Feira de Negócios;50% PAGO;475; City Digest;Vilma Soares;R$ 53.160,00;R$ 7.974,00;R$ 1.063,20;Garcia Enterprises;401
05/03/2017;16;Conferência Internacional;50% PAGO;1226; Local Lens;Geraldo Pereira;R$ 137.725,00;R$ 20.658,75;R$ 2.754,50;Rodriguez Group;401
06/03/2017;2;Gala de Premiação;SIM;942; Media Matters;Marcelo Mendes;R$ 83.745,00;R$ 12.561,75; R$ -   ;Clark Corporation;400
06/03/2017;1; Casamento de Luxo;50% PAGO;971; City Digest;Natalia Silva;R$ 192.129,00;R$ 28.819,35; R$ -   ;Young Holdings;400
06/03/2017;6; Casamento de Luxo;50% PAGO;852; Global News Network;Vilma Soares;R$ 57.229,00;R$ 8.584,35; R$ -   ;Coleman Holdings;402
06/03/2017;19;Seminário de Desenvolvimento Pessoal;NÃO;618; Insight Today;Marcelo Mendes;; R$ -   ; R$ -   ;Adams Holdings;400
06/03/2017;4;Festival Cultural;50% PAGO;290; The Urban Tribune;Natalia Silva;R$ 73.420,00;R$ 11.013,00;R$ 1.468,40;Morgan Holdings;402
06/03/2017;11; Evento Beneficente;NÃO;858; Global News Network;Natalia Silva;; R$ -   ; R$ -   ;Coleman Holdings;403
06/03/2017;2; Show de Comédia;SIM;1232; The Informational Herald;Vilma Soares;R$ 91.528,00;R$ 13.729,20;R$ 1.830,56;Perry Group;402
06/03/2017;6; Desfile de Moda;50% PAGO;88; The Insightful Gazette;Geraldo Pereira;R$ 181.961,00;R$ 27.294,15;R$ 3.639,22;Bailey & Co;403
06/03/2017;8;Congresso Científico;SIM;184; City Pulse;Natalia Silva;R$ 63.955,00;R$ 9.593,25;R$ 1.279,10;Coleman Group;400
06/03/2017;13; Encontro de Networking;50% PAGO;641; The Press Agency;Vilma Soares;R$ 158.044,00;R$ 23.706,60;R$ 3.160,88;Collins Corporation;400
06/03/2017;15; Evento Beneficente;50% PAGO;897; Insightful Observer;Vilma Soares;R$ 103.068,00;R$ 15.460,20;R$ 2.061,36;Foster Corporation;403
06/03/2017;11;Festival Cultural;50% PAGO;1299; Trend Watcher;Marcelo Mendes;R$ 25.786,00;R$ 3.867,90;R$ 515,72;Não Informado;400
06/03/2017;3; Fórum de Tecnologia;SIM;255; The Urban Express;Vilma Soares;R$ 117.397,00;R$ 17.609,55;R$ 2.347,94;Coleman Group;403
06/03/2017;16; Fórum de Tecnologia;SIM;146; The Informational Herald;Marcelo Mendes;R$ 200.440,00;R$ 30.066,00;R$ 4.008,80;Wilson Industries;401
06/03/2017;4;Seminário de Desenvolvimento Pessoal;SIM;1161; Express News;Geraldo Pereira;R$ 271.394,00;R$ 40.709,10; R$ -   ;Perry Group;400
06/03/2017;9; Fórum de Tecnologia;50% PAGO;794; Metro Herald;Marcelo Mendes;R$ 94.670,00;R$ 14.200,50;R$ 1.893,40;Ross Corporation;401
06/03/2017;1; Fórum de Tecnologia;NÃO;98; The Update;Natalia Silva;; R$ -   ; R$ -   ;Anderson & Sons;402
20/03/2017;10; Desfile de Moda;SIM;731; Local Times;Geraldo Pereira;R$ 54.865,00;R$ 8.229,75;R$ 1.097,30;Gonzalez Group;401
20/03/2017;13; Evento Beneficente;50% PAGO;652; Prime Times;Marcelo Mendes;R$ 86.278,00;R$ 12.941,70;R$ 1.725,56;Perez Holdings;403
20/03/2017;11;Conferência Internacional;50% PAGO;1309; Voice of the City;Marcelo Mendes;R$ 159.352,00;R$ 23.902,80;R$ 3.187,04;Sanchez Holdings;400
01/05/2017;18;Festival Cultural;SIM;57; Urban Chronicle;Marcelo Mendes;R$ 197.207,00;R$ 29.581,05;R$ 3.944,14;Edwards Group;401
01/05/2017;17; Competição Esportiva;50% PAGO;163; City Newsline;Geraldo Pereira;R$ 90.587,00;R$ 13.588,05; R$ -   ;Morris Enterprises;400
01/05/2017;6;Festival Cultural;NÃO;868; People's Gazette;Geraldo Pereira;; R$ -   ; R$ -   ;Rogers Group;402
01/05/2017;18; Encontro de Networking;50% PAGO;760; City Scope;Geraldo Pereira;R$ 94.902,00;R$ 14.235,30;R$ 1.898,04;Coleman Holdings;400
01/05/2017;4; Lançamento de Produto;SIM;177; City Buzz;Geraldo Pereira;R$ 218.331,00;R$ 32.749,65;R$ 4.366,62;Não Informado;403
01/05/2017;8; Desfile de Moda;50% PAGO;1008; Media Express;Vilma Soares;R$ 280.406,00;R$ 42.060,90;R$ 5.608,12;Não Cadastrado;402
01/05/2017;12; Jantar de Gala;50% PAGO;440; Media Monitor;Marcelo Mendes;R$ 119.833,00;R$ 17.974,95; R$ -   ;Bennett Holdings;400
01/05/2017;4; Lançamento de Produto;NÃO;1017; Media Monitor;Natalia Silva;; R$ -   ; R$ -   ;Green & Co;402
02/05/2017;9; Desfile de Moda;NÃO;423; The Daily Bulletin;Geraldo Pereira;; R$ -   ; R$ -   ;Coleman Holdings;400
02/05/2017;3;Gala de Premiação;50% PAGO;243; City Scope;Geraldo Pereira;R$ 225.555,00;R$ 33.833,25; R$ -   ;Coleman Holdings;402
02/05/2017;13;Conferência Internacional;50% PAGO;592; Metro Tribune;Vilma Soares;R$ 174.767,00;R$ 26.215,05;R$ 3.495,34;Turner Corporation;402
02/05/2017;16; Lançamento de Produto;50% PAGO;175; The Urban Observer;Vilma Soares;R$ 216.492,00;R$ 32.473,80;R$ 4.329,84;Coleman Holdings;402
02/05/2017;16;Concerto ao Ar Livre;50% PAGO;1205; Media Express;Geraldo Pereira;R$ 100.571,00;R$ 15.085,65;R$ 2.011,42;Hall Corporation;400
02/05/2017;3; Casamento de Luxo;50% PAGO;148; The Daily Report;Natalia Silva;R$ 85.727,00;R$ 12.859,05; R$ -   ;Brown & Co;403
02/05/2017;18; Jantar de Gala;50% PAGO;144; City Sun;Marcelo Mendes;R$ 51.831,00;R$ 7.774,65; R$ -   ;Martinez Corporation;400
02/05/2017;10;Feira de Negócios;50% PAGO;576; Insightful Observer;Vilma Soares;R$ 90.307,00;R$ 13.546,05;R$ 1.806,14;Não Cadastrado;403
02/05/2017;2;Exposição de Arte;NÃO;292; Insight Today;Vilma Soares;; R$ -   ; R$ -   ;Nelson Corporation;403
03/05/2017;1; Jantar de Gala;50% PAGO;1240; Insightful Times;Geraldo Pereira;R$ 193.673,00;R$ 29.050,95; R$ -   ;Coleman Holdings;401
03/05/2017;13; Casamento de Luxo;NÃO;788; The Press Agency;Geraldo Pereira;; R$ -   ; R$ -   ;Sanchez Holdings;403
03/05/2017;15; Casamento de Luxo;SIM;156; The Update;Marcelo Mendes;R$ 20.629,00;R$ 3.094,35; R$ -   ;Não Informado;403
03/05/2017;10;Exposição de Arte;SIM;916; Media Pulse;Natalia Silva;R$ 220.330,00;R$ 33.049,50;R$ 4.406,60;Adams Holdings;403
03/05/2017;14; Competição Esportiva;NÃO;330; The Insightful Gazette;Natalia Silva;; R$ -   ; R$ -   ;Hall Corporation;401
03/05/2017;2;Feira de Negócios;SIM;636; The Insightful Gazette;Natalia Silva;R$ 188.012,00;R$ 28.201,80;R$ 3.760,24;Morris Enterprises;400
03/05/2017;5; Casamento de Luxo;SIM;913; Media Spotlight;Marcelo Mendes;R$ 75.801,00;R$ 11.370,15; R$ -   ;Não Cadastrado;403
03/05/2017;7; Show de Comédia;50% PAGO;159;Yahoo;Vilma Soares;R$ 156.056,00;R$ 23.408,40;R$ 3.121,12;Coleman Holdings;400
03/05/2017;16;Congresso Científico;SIM;1245; The Urban Express;Natalia Silva;R$ 291.931,00;R$ 43.789,65;R$ 5.838,62;Hayes Holdings;402
03/05/2017;9;Conferência Internacional;SIM;701; City Digest;Vilma Soares;R$ 70.717,00;R$ 10.607,55;R$ 1.414,34;Walker Partners;400
03/05/2017;2;Festival Cultural;NÃO;582; Media Tracker;Marcelo Mendes;; R$ -   ; R$ -   ;Russell & Co;400
03/05/2017;16;Congresso Científico;SIM;410; Trend Watcher;Vilma Soares;R$ 143.083,00;R$ 21.462,45;R$ 2.861,66;Coleman Group;400
03/05/2017;7; Encontro de Networking;SIM;363; News Beat;Natalia Silva;R$ 21.030,00;R$ 3.154,50; R$ -   ;Phillips & Sons;400
03/05/2017;10; Casamento de Luxo;NÃO;284; Local Times;Geraldo Pereira;; R$ -   ; R$ -   ;Rodriguez & Associates;400
03/05/2017;5; Casamento de Luxo;SIM;189; City Buzz;Geraldo Pereira;R$ 140.609,00;R$ 21.091,35; R$ -   ;Ortiz Enterprises;400
03/05/2017;19;Seminário de Desenvolvimento Pessoal;NÃO;1071; The News Gazette;Vilma Soares;; R$ -   ; R$ -   ;Green & Co;403
03/05/2017;11; Convenção Empresarial;SIM;419; City Pulse;Geraldo Pereira;R$ 246.440,00;R$ 36.966,00;R$ 4.928,80;Hayes Holdings;400
04/05/2017;14; Show de Comédia;50% PAGO;585; Insight Today;Natalia Silva;R$ 74.588,00;R$ 11.188,20;R$ 1.491,76;Perez Holdings;403
04/05/2017;3;Concerto ao Ar Livre;50% PAGO;772; The Daily Echo;Vilma Soares;R$ 85.716,00;R$ 12.857,40;R$ 1.714,32;Scott Corporation;403
04/05/2017;14;Festival Cultural;50% PAGO;691;Veja;Geraldo Pereira;R$ 54.797,00;R$ 8.219,55;R$ 1.095,94;Anderson & Sons;403
04/05/2017;2; Feira Gastronômica;NÃO;979; The Urban Tribune;Natalia Silva;; R$ -   ; R$ -   ;Morgan Holdings;402
04/05/2017;8;Workshop de Fotografia;50% PAGO;1170; Express News;Vilma Soares;R$ 30.942,00;R$ 4.641,30; R$ -   ;Jones Partners;400
04/05/2017;16; Feira Gastronômica;NÃO;1059; The News Gazette;Vilma Soares;; R$ -   ; R$ -   ;Jones Partners;401
04/05/2017;8;Exposição de Arte;50% PAGO;197; Media Maven;Vilma Soares;R$ 87.186,00;R$ 13.077,90;R$ 1.743,72;Thomas Holdings;401
04/05/2017;20;Seminário de Desenvolvimento Pessoal;50% PAGO;73; Metro Monitor;Geraldo Pereira;R$ 86.509,00;R$ 12.976,35;R$ 1.730,18;Coleman Holdings;401
04/05/2017;16; Encontro de Networking;50% PAGO;607; The City Voice;Natalia Silva;R$ 99.486,00;R$ 14.922,90;R$ 1.989,72;Bennett Holdings;400
04/05/2017;15;Feira de Negócios;NÃO;852; Trend Watcher;Natalia Silva;; R$ -   ; R$ -   ;Coleman Group;402
04/05/2017;19; Show de Comédia;50% PAGO;309; Newsline Journal;Marcelo Mendes;R$ 100.480,00;R$ 15.072,00; R$ -   ;Coleman Holdings;402
04/05/2017;20; Desfile de Moda;SIM;183; Newsline Journal;Vilma Soares;R$ 106.752,00;R$ 16.012,80; R$ -   ;Perry Group;400
04/05/2017;3; Feira Gastronômica;50% PAGO;619; Community Chronicle;Vilma Soares;R$ 211.942,00;R$ 31.791,30;R$ 4.238,84;Collins Corporation;402
04/05/2017;2; Feira Gastronômica;50% PAGO;549; The Urban Observer;Geraldo Pereira;R$ 79.223,00;R$ 11.883,45;R$ 1.584,46;Não Cadastrado;401
04/05/2017;5; Fórum de Tecnologia;SIM;853; Local Times;Vilma Soares;R$ 134.796,00;R$ 20.219,40;R$ 2.695,92;Mitchell Enterprises;403
04/05/2017;18;Seminário de Desenvolvimento Pessoal;NÃO;1036; City Pulse;Marcelo Mendes;; R$ -   ; R$ -   ;Thomas Holdings;402
04/05/2017;5; Encontro de Networking;50% PAGO;831; The Daily Insight;Marcelo Mendes;R$ 100.081,00;R$ 15.012,15;R$ 2.001,62;Coleman Holdings;401
04/05/2017;10;Workshop de Fotografia;50% PAGO;930; Newsline Journal;Natalia Silva;R$ 279.658,00;R$ 41.948,70; R$ -   ;Hall Corporation;403
04/05/2017;6;Gala de Premiação;NÃO;539; Media Express;Geraldo Pereira;; R$ -   ; R$ -   ;Hayes Holdings;401
04/05/2017;8; Lançamento de Produto;50% PAGO;479; The Press Agency;Natalia Silva;R$ 62.427,00;R$ 9.364,05;R$ 1.248,54;Reed Corporation;401
04/05/2017;5;Festival Cultural;50% PAGO;1299; City News Now;Marcelo Mendes;R$ 55.328,00;R$ 8.299,20; R$ -   ;Thomas Holdings;400
04/05/2017;15; Show de Comédia;50% PAGO;1254; The Insightful Gazette;Vilma Soares;R$ 87.658,00;R$ 13.148,70;R$ 1.753,16;Williams Industries;400
04/05/2017;18;Congresso Científico;50% PAGO;247; City Buzz;Geraldo Pereira;R$ 50.390,00;R$ 7.558,50;R$ 1.007,80;Garcia Enterprises;401
04/05/2017;2;Exposição de Arte;50% PAGO;1255; Community Digest;Marcelo Mendes;R$ 68.030,00;R$ 10.204,50;R$ 1.360,60;Green & Co;400
04/05/2017;16; Desfile de Moda;NÃO;1095; Urban Express;Natalia Silva;; R$ -   ; R$ -   ;Nelson Corporation;402
05/05/2017;2; Jantar de Gala;NÃO;160; Express News;Marcelo Mendes;; R$ -   ; R$ -   ;Coleman Holdings;403
05/05/2017;2;Concerto ao Ar Livre;SIM;250; Urban Herald;Vilma Soares;R$ 274.472,00;R$ 41.170,80;R$ 5.489,44;Coleman Holdings;400
05/05/2017;7; Encontro de Networking;NÃO;532;Veja;Vilma Soares;; R$ -   ; R$ -   ;Coleman Holdings;401
05/05/2017;18;Seminário de Desenvolvimento Pessoal;50% PAGO;66; News Flash;Vilma Soares;R$ 62.572,00;R$ 9.385,80; R$ -   ;Taylor Group;401
05/05/2017;20; Fórum de Tecnologia;50% PAGO;872; News Hub;Geraldo Pereira;R$ 50.309,00;R$ 7.546,35; R$ -   ;Davis Holdings;400
05/05/2017;15;Festival Cultural;50% PAGO;1315; Urban Herald;Vilma Soares;R$ 55.117,00;R$ 8.267,55;R$ 1.102,34;Coleman Group;403
05/05/2017;13;Exposição de Arte;50% PAGO;828; News Wave;Marcelo Mendes;R$ 66.344,00;R$ 9.951,60; R$ -   ;Não Cadastrado;400
05/05/2017;8;Concerto ao Ar Livre;SIM;356; City Digest;Natalia Silva;R$ 178.065,00;R$ 26.709,75;R$ 3.561,30;Rivera Holdings;403
05/05/2017;3;Festival Cultural;NÃO;1250; News Flash;Geraldo Pereira;; R$ -   ; R$ -   ;Não Informado;403
05/05/2017;13; Encontro de Networking;NÃO;715;Yahoo;Vilma Soares;; R$ -   ; R$ -   ;Garcia Enterprises;403
05/05/2017;10;Concerto ao Ar Livre;SIM;875; Voice of the City;Geraldo Pereira;R$ 258.262,00;R$ 38.739,30;R$ 5.165,24;Gray Enterprises;402
05/05/2017;8;Seminário de Desenvolvimento Pessoal;50% PAGO;553; Media Spotlight;Geraldo Pereira;R$ 52.504,00;R$ 7.875,60;R$ 1.050,08;Hayes Holdings;403
05/05/2017;11;Exposição de Arte;50% PAGO;311; The Urban Express;Geraldo Pereira;R$ 68.032,00;R$ 10.204,80;R$ 1.360,64;Coleman Holdings;400
05/05/2017;11; Desfile de Moda;NÃO;1003; The Urban Observer;Natalia Silva;; R$ -   ; R$ -   ;Stewart & Co;402
05/05/2017;6; Casamento de Luxo;50% PAGO;414; Media Spotlight;Vilma Soares;R$ 81.608,00;R$ 12.241,20; R$ -   ;Stewart & Co;401
05/05/2017;19; Evento Beneficente;50% PAGO;117; The Urban Tribune;Vilma Soares;R$ 85.405,00;R$ 12.810,75;R$ 1.708,10;Roberts Partners;401
05/05/2017;10;Exposição de Arte;50% PAGO;886;Yahoo;Vilma Soares;R$ 104.136,00;R$ 15.620,40;R$ 2.082,72;Gonzalez Group;400
05/05/2017;6; Desfile de Moda;NÃO;1178; Metro Tribune;Natalia Silva;; R$ -   ; R$ -   ;Gonzalez Group;402
06/05/2017;9; Encontro de Networking;SIM;399; People's Gazette;Marcelo Mendes;R$ 22.920,00;R$ 3.438,00;R$ 458,40;Gonzalez Group;401
06/05/2017;6;Workshop de Fotografia;50% PAGO;940; People's Gazette;Marcelo Mendes;R$ 70.572,00;R$ 10.585,80;R$ 1.411,44;Evans Enterprises;400
06/05/2017;9; Feira Gastronômica;50% PAGO;964; Global News Network;Marcelo Mendes;R$ 154.310,00;R$ 23.146,50; R$ -   ;Não Informado;402
06/05/2017;4; Fórum de Tecnologia;NÃO;424;Rede TV New (site);Marcelo Mendes;; R$ -   ; R$ -   ;Morris Enterprises;400
06/05/2017;4; Feira Gastronômica;NÃO;1322; The Information Hub;Vilma Soares;; R$ -   ; R$ -   ;Young Holdings;403
07/05/2017;11; Evento Beneficente;SIM;313; Urban Chronicle;Geraldo Pereira;R$ 155.188,00;R$ 23.278,20;R$ 3.103,76;Coleman Holdings;400
07/05/2017;14; Convenção Empresarial;50% PAGO;625; Trend Watcher;Marcelo Mendes;R$ 132.136,00;R$ 19.820,40;R$ 2.642,72;Coleman Holdings;403
07/05/2017;17;Conferência Internacional;NÃO;1151; Urban Update;Marcelo Mendes;; R$ -   ; R$ -   ;Nelson Corporation;401
07/05/2017;2; Encontro de Networking;SIM;1277; News Flash;Geraldo Pereira;R$ 112.501,00;R$ 16.875,15; R$ -   ;Nelson & Sons;402
07/05/2017;11;Gala de Premiação;50% PAGO;795; City News Now;Natalia Silva;R$ 129.335,00;R$ 19.400,25; R$ -   ;Stewart & Co;400
08/05/2017;15;Festival Cultural;50% PAGO;96; City Pulse;Natalia Silva;R$ 90.762,00;R$ 13.614,30;R$ 1.815,24;Coleman Holdings;403
08/05/2017;15; Fórum de Tecnologia;SIM;1264; The Daily Bulletin;Marcelo Mendes;R$ 201.139,00;R$ 30.170,85;R$ 4.022,78;Smith Corporation;401
08/05/2017;17;Congresso Científico;SIM;933; Urban Update;Marcelo Mendes;R$ 206.828,00;R$ 31.024,20;R$ 4.136,56;Wilson Industries;402
08/05/2017;16; Feira Gastronômica;50% PAGO;528; Local Lens;Vilma Soares;R$ 65.959,00;R$ 9.893,85;R$ 1.319,18;Clark Corporation;400
08/05/2017;4; Encontro de Networking;50% PAGO;1321;O Globo;Geraldo Pereira;R$ 103.233,00;R$ 15.484,95;R$ 2.064,66;Não Cadastrado;403
08/05/2017;17; Convenção Empresarial;50% PAGO;981; City Digest;Geraldo Pereira;R$ 66.804,00;R$ 10.020,60;R$ 1.336,08;Morgan Holdings;402
08/05/2017;12; Competição Esportiva;NÃO;408; Local Lens;Natalia Silva;; R$ -   ; R$ -   ;Johnson Enterprises;401
08/05/2017;17; Jantar de Gala;SIM;1163; Insightful Observer;Natalia Silva;R$ 250.049,00;R$ 37.507,35; R$ -   ;Thomas Holdings;402
08/05/2017;16; Feira Gastronômica;SIM;674; Community Chronicle;Natalia Silva;R$ 42.687,00;R$ 6.403,05;R$ 853,74;Garcia Enterprises;402
08/05/2017;18; Casamento de Luxo;SIM;774; The Update;Natalia Silva;R$ 204.491,00;R$ 30.673,65; R$ -   ;Jones Partners;400
08/05/2017;13; Competição Esportiva;NÃO;997; The Informational Herald;Geraldo Pereira;; R$ -   ; R$ -   ;Não Informado;400
08/05/2017;5;Conferência Internacional;NÃO;1186;Jornal Folha;Vilma Soares;; R$ -   ; R$ -   ;Thomas Holdings;401
08/05/2017;15;Feira de Negócios;NÃO;424; The Urban Tribune;Marcelo Mendes;; R$ -   ; R$ -   ;Rodriguez Group;400
08/05/2017;4;Workshop de Fotografia;NÃO;1104; Insight Today;Natalia Silva;; R$ -   ; R$ -   ;Cook & Sons;402
08/05/2017;7;Concerto ao Ar Livre;NÃO;720; Newsline Journal;Natalia Silva;; R$ -   ; R$ -   ;Phillips & Sons;402
08/05/2017;5; Fórum de Tecnologia;50% PAGO;889; News Beat;Marcelo Mendes;R$ 52.418,00;R$ 7.862,70; R$ -   ;Brown & Co;403
08/05/2017;16;Concerto ao Ar Livre;50% PAGO;887; Express News;Marcelo Mendes;R$ 58.780,00;R$ 8.817,00; R$ -   ;Carter & Co;403
16/05/2017;15; Jantar de Gala;50% PAGO;341; City Pulse;Vilma Soares;R$ 71.380,00;R$ 10.707,00; R$ -   ;Johnson Enterprises;403
16/05/2017;6; Desfile de Moda;50% PAGO;438; Urban Herald;Natalia Silva;R$ 283.081,00;R$ 42.462,15;R$ 5.661,62;Foster Corporation;402
16/05/2017;18;Congresso Científico;SIM;1307; The Urban Tribune;Marcelo Mendes;R$ 262.595,00;R$ 39.389,25;R$ 5.251,90;Mitchell Enterprises;400
16/05/2017;4;Congresso Científico;SIM;1232; City News Now;Geraldo Pereira;R$ 217.683,00;R$ 32.652,45; R$ -   ;Roberts Partners;401
16/05/2017;14;Seminário de Desenvolvimento Pessoal;NÃO;1125; Express News;Vilma Soares;; R$ -   ; R$ -   ;Davis Holdings;400
30/03/2017;19; Encontro de Networking;NÃO;449; Metro Messenger;Vilma Soares;; R$ -   ; R$ -   ;Coleman Holdings;403
